ABAP-Developer,ABAP Developer,Job ABC,A,ABAP Developer
ABAP-Programmierer,ABAP Programmierer,Job ABC,A,ABAP Programmierer
Abfalltechniker,Abfalltechniker,Job ABC,A,Abfalltechniker
Abfueller,Abfüller,Job ABC,A,Abfüller
Abkanter,Abkanter,Job ABC,A,Abkanter
Abrechner,Abrechner,Job ABC,A,Abrechner
Absolvent,Absolvent,Job ABC,A,Absolvent
Abteilungsleiter,Abteilungsleiter,Job ABC,A,Abteilungsleiter
Accountant,Accountant,Job ABC,A,Accountant
Accountmanager,Accountmanager,Job ABC,A,Accountmanager
Administrator,Administrator,Job ABC,A,Administrator
Agent,Agent,Job ABC,A,Agent
Akquisiteur,Akquisiteur,Job ABC,A,Akquisiteur
Aktuar,Aktuar,Job ABC,A,Aktuar
Akustiker,Akustiker,Job ABC,A,Akustiker
Akustikingenieur,Akustikingenieur,Job ABC,A,Akustikingenieur
Alias-Designer,Alias Designer,Job ABC,A,Alias Designer
Alleinbuchhalter,Alleinbuchhalter,Job ABC,A,Alleinbuchhalter
Allrounder,Allrounder,Job ABC,A,Allrounder
Altenpfleger,Altenpfleger,Job ABC,A,Altenpfleger
Ambulante-Krankenpflege,Ambulante Krankenpflege,Job ABC,A,Ambulante Krankenpflege
Ambulante-Pflege,Ambulante Pflege,Job ABC,A,Ambulante Pflege
Amtschef,Amtschef,Job ABC,A,Amtschef
Analyst,Analyst,Job ABC,A,Analyst
Analytiker,Analytiker,Job ABC,A,Analytiker
Anaesthesiepfleger,Anästhesiepfleger,Job ABC,A,Anästhesiepfleger
Anaesthesist,Anästhesist,Job ABC,A,Anästhesist
Animateur,Animateur,Job ABC,A,Animateur
Anlageberater,Anlageberater,Job ABC,A,Anlageberater
Anlagenbauer,Anlagenbauer,Job ABC,A,Anlagenbauer
Anlagenfahrer,Anlagenfahrer,Job ABC,A,Anlagenfahrer
Anlagenfuehrer,Anlagenführer,Job ABC,A,Anlagenführer
Anlagenkonstrukteur,Anlagenkonstrukteur,Job ABC,A,Anlagenkonstrukteur
Anlagenmechaniker,Anlagenmechaniker,Job ABC,A,Anlagenmechaniker
Anlagenmonteur,Anlagenmonteur,Job ABC,A,Anlagenmonteur
Anlagentechniker,Anlagentechniker,Job ABC,A,Anlagentechniker
Anwalt,Anwalt,Job ABC,A,Anwalt
Anwaltssekretaer,Anwaltssekretär,Job ABC,A,Anwaltssekretär
Anwendungsadministrator,Anwendungsadministrator,Job ABC,A,Anwendungsadministrator
Anwendungsberater,Anwendungsberater,Job ABC,A,Anwendungsberater
Anwendungsentwickler,Anwendungsentwickler,Job ABC,A,Anwendungsentwickler
Anwendungstechniker,Anwendungstechniker,Job ABC,A,Anwendungstechniker
Apotheker,Apotheker,Job ABC,A,Apotheker
Application-Engineer,Application Engineer,Job ABC,A,Application Engineer
Application-Manager,Application Manager,Job ABC,A,Application Manager
Applikations-Support-Ingenieur,Applikations Support Ingenieur,Job ABC,A,Applikations Support Ingenieur
Applikationsingenieur,Applikationsingenieur,Job ABC,A,Applikationsingenieur
Arbeiter,Arbeiter,Job ABC,A,Arbeiter
Arbeitsvorbereiter,Arbeitsvorbereiter,Job ABC,A,Arbeitsvorbereiter
Archaeologe,Archäologe,Job ABC,A,Archäologe
Architekt,Architekt,Job ABC,A,Architekt
Area-Manager,Area Manager,Job ABC,A,Area Manager
Area-Sales Manager,Area Sales Manager,Job ABC,A,Area Sales Manager
Art-Director,Art Director,Job ABC,A,Art Director
Arzt,Arzt,Job ABC,A,Arzt
Arzthelfer,Arzthelfer,Job ABC,A,Arzthelfer
Arzthelferin,Arzthelferin,Job ABC,A,Arzthelferin
Arztsekretär,Arztsekretär,Job ABC,A,Arztsekretär
Arztsekretaerin,Arztsekretärin,Job ABC,A,Arztsekretärin
Asphaltbauer,Asphaltbauer,Job ABC,A,Asphaltbauer
Assessment-Experte,Assessment Experte,Job ABC,A,Assessment Experte
Asset-Manager,Asset Manager,Job ABC,A,Asset Manager
Assistant-Manager,Assistant Manager,Job ABC,A,Assistant Manager
Assistent,Assistent,Job ABC,A,Assistent
Assistent-Ausbildung,Assistent Ausbildung,Job ABC,A,Assistent Ausbildung
Assistent-Buchhaltung,Assistent Buchhaltung,Job ABC,A,Assistent Buchhaltung
Assistent-der-Geschaeftsleitung,Assistent der Geschäftsleitung,Job ABC,A,Assistent der Geschäftsleitung
Assistent-Einkauf,Assistent Einkauf,Job ABC,A,Assistent Einkauf
Assistent-Finance,Assistent Finance,Job ABC,A,Assistent Finance
Assistent-Management,Assistent Management,Job ABC,A,Assistent Management
Assistent-Personalberatung,Assistent Personalberatung,Job ABC,A,Assistent Personalberatung
Assistent-Projektleitung,Assistent Projektleitung,Job ABC,A,Assistent Projektleitung
Assistent-Rechnungswesen,Assistent Rechnungswesen,Job ABC,A,Assistent Rechnungswesen
Assistent-Reporting,Assistent Reporting,Job ABC,A,Assistent Reporting
Assistent-technischer-Einkauf,Assistent technischer Einkauf,Job ABC,A,Assistent technischer Einkauf
Assistent Vorstand,Assistent Vorstand,Job ABC,A,Assistent Vorstand
Assistentin,Assistentin,Job ABC,A,Assistentin
Assistenzarzt,Assistenzarzt,Job ABC,A,Assistenzarzt
Associate Scientist,Associate Scientist,Job ABC,A,Associate Scientist
Audio Ingenieur,Audio Ingenieur,Job ABC,A,Audio Ingenieur
Auditor,Auditor,Job ABC,A,Auditor
Auftragsabwickler,Auftragsabwickler,Job ABC,A,Auftragsabwickler
Auftragssachbearbeiter,Auftragssachbearbeiter,Job ABC,A,Auftragssachbearbeiter
Aufzugsmonteur,Aufzugsmonteur,Job ABC,A,Aufzugsmonteur
Augenarzt,Augenarzt,Job ABC,A,Augenarzt
Augenoptiker,Augenoptiker,Job ABC,A,Augenoptiker
Augenoptikermeister,Augenoptikermeister,Job ABC,A,Augenoptikermeister
Ausbilder,Ausbilder,Job ABC,A,Ausbilder
Ausbildungsberuf,Ausbildungsberuf,Job ABC,A,Ausbildungsberuf
Aushilfe,Aushilfe,Job ABC,A,Aushilfe
Auslieferungsfahrer,Auslieferungsfahrer,Job ABC,A,Auslieferungsfahrer
Aussendienstmitarbeiter,Außendienstmitarbeiter,Job ABC,A,Außendienstmitarbeiter
Aussenhandelskaufmann,Außenhandelskaufmann,Job ABC,A,Außenhandelskaufmann
Auszubildender,Auszubildender,Job ABC,A,Auszubildender
Automations-Ingenieur,Automations Ingenieur,Job ABC,A,Automations Ingenieur
Automatisierungstechniker,Automatisierungstechniker,Job ABC,A,Automatisierungstechniker
Automechaniker,Automechaniker,Job ABC,A,Automechaniker
Automobilingenieur,Automobilingenieur,Job ABC,A,Automobilingenieur
Automobilkaufmann,Automobilkaufmann,Job ABC,A,Automobilkaufmann
Automobilverkaeufer,Automobilverkäufer,Job ABC,A,Automobilverkäufer
Automotive-Ingenieur,Automotive Ingenieur,Job ABC,A,Automotive Ingenieur
Back-Office,Back Office,Job ABC,B,Back Office
Baecker,Bäcker,Job ABC,B,Bäcker
Bademeister,Bademeister,Job ABC,B,Bademeister
Baggerfuehrer,Baggerführer,Job ABC,B,Baggerführer
Bankangestellter,Bankangestellter,Job ABC,B,Bankangestellter
Bankkauffrau,Bankkauffrau,Job ABC,B,Bankkauffrau
Bankkaufmann,Bankkaufmann,Job ABC,B,Bankkaufmann
Barkeeper,Barkeeper,Job ABC,B,Barkeeper
Baugeraetefuehrer,Baugeräteführer,Job ABC,B,Baugeräteführer
Bauhelfer,Bauhelfer,Job ABC,B,Bauhelfer
Bauingenieur,Bauingenieur,Job ABC,B,Bauingenieur
Bauklemptner,Bauklemptner,Job ABC,B,Bauklemptner
Baukonstrukteur,Baukonstrukteur,Job ABC,B,Baukonstrukteur
Baukontrolleur,Baukontrolleur,Job ABC,B,Baukontrolleur
Baukostenkalkulator,Baukostenkalkulator,Job ABC,B,Baukostenkalkulator
Bauleiter,Bauleiter,Job ABC,B,Bauleiter
Baumaschinenfuehrer,Baumaschinenführer,Job ABC,B,Baumaschinenführer
Bauprojektleiter,Bauprojektleiter,Job ABC,B,Bauprojektleiter
Bauschlosser,Bauschlosser,Job ABC,B,Bauschlosser
Baustoffpruefer,Baustoffprüfer,Job ABC,B,Baustoffprüfer
Bautechniker,Bautechniker,Job ABC,B,Bautechniker
Bauzeichner,Bauzeichner,Job ABC,B,Bauzeichner
Behaelterbauer,Behälterbauer,Job ABC,B,Behälterbauer
Beleuchter,Beleuchter,Job ABC,B,Beleuchter
Berater,Berater,Job ABC,B,Berater
Beraterin,Beraterin,Job ABC,B,Beraterin
Beratungsingenieur,Beratungsingenieur,Job ABC,B,Beratungsingenieur
Berechnungsingenieur,Berechnungsingenieur,Job ABC,B,Berechnungsingenieur
Bereichsleiter,Bereichsleiter,Job ABC,B,Bereichsleiter
Bergbauingenieur,Bergbauingenieur,Job ABC,B,Bergbauingenieur
Berufseinsteiger,Berufseinsteiger,Job ABC,B,Berufseinsteiger
Berufskraftfahrer,Berufskraftfahrer,Job ABC,B,Berufskraftfahrer
Beschichter ,Beschichter ,Job ABC,B,Beschichter 
Bestuecker,Bestücker,Job ABC,B,Bestücker
Beteiligungscontroller,Beteiligungscontroller,Job ABC,B,Beteiligungscontroller
Betonbauer,Betonbauer,Job ABC,B,Betonbauer
Betriebsassistent,Betriebsassistent,Job ABC,B,Betriebsassistent
Betriebselektriker,Betriebselektriker,Job ABC,B,Betriebselektriker
Betriebsingenieur,Betriebsingenieur,Job ABC,B,Betriebsingenieur
Betriebsleiter,Betriebsleiter,Job ABC,B,Betriebsleiter
Betriebsmittelkonstrukteur,Betriebsmittelkonstrukteur,Job ABC,B,Betriebsmittelkonstrukteur
Betriebsschlosser,Betriebsschlosser,Job ABC,B,Betriebsschlosser
Betriebstechniker,Betriebstechniker,Job ABC,B,Betriebstechniker
Betriebswirt,Betriebswirt,Job ABC,B,Betriebswirt
Bewaehrungshelfer,Bewährungshelfer,Job ABC,B,Bewaehrungshelfer
Bezirksleiter,Bezirksleiter,Job ABC,B,Bezirksleiter
Bibliothekar,Bibliothekar,Job ABC,B,Bibliothekar
Bilanzbuchhalter,Bilanzbuchhalter,Job ABC,B,Bilanzbuchhalter
Bildbearbeiter,Bildbearbeiter,Job ABC,B,Bildbearbeiter
Bildhauer,Bildhauer,Job ABC,B,Bildhauer
Bildungsberater,Bildungsberater,Job ABC,B,Bildungsberater
Binnenschiffer,Binnenschiffer,Job ABC,B,Binnenschiffer
Biochemiker,Biochemiker,Job ABC,B,Biochemiker
Bioinformatiker,Bioinformatiker,Job ABC,B,Bioinformatiker
Biologe,Biologe,Job ABC,B,Biologe
Biologielaborant,Biologielaborant,Job ABC,B,Biologielaborant
Biologin,Biologin,Job ABC,B,Biologin
Biologisch-Technischer-Assistent,Biologisch Technischer Assistent,Job ABC,B,Biologisch Technischer Assistent
Biostatistician,Biostatistician,Job ABC,B,Biostatistician
Biotechnologe,Biotechnologe,Job ABC,B,Biotechnologe
Blechschlosser,Blechschlosser,Job ABC,B,Blechschlosser
Blogger,Blogger,Job ABC,B,Blogger
Bodenleger,Bodenleger,Job ABC,B,Bodenleger
Bodensteward,Bodensteward,Job ABC,B,Bodensteward
Bootsbauer,Bootsbauer,Job ABC,B,Bootsbauer
Botschafter,Botschafter,Job ABC,B,Botschafter
Brand-Consultant,Brand Consultant,Job ABC,B,Brand Consultant
Brandschutzfachmann,Brandschutzfachmann,Job ABC,B,Brandschutzfachmann
Brauer,Brauer,Job ABC,B,Brauer
Briefsortierer,Briefsortierer,Job ABC,B,Briefsortierer
Buchbinder,Buchbinder,Job ABC,B,Buchbinder
Buchhalter,Buchhalter,Job ABC,B,Buchhalter
Buchhalterin,Buchhalterin,Job ABC,B,Buchhalterin
Buchhaendler,Buchhändler,Job ABC,B,Buchhändler
Bueroangestellte,Büroangestellte,Job ABC,B,Büroangestellte
Buerohilfskraft,Bürohilfskraft,Job ABC,B,Bürohilfskraft
Buerokauffrau,Bürokauffrau,Job ABC,B,Bürokauffrau
Buerokaufmann,Bürokaufmann,Job ABC,B,Bürokaufmann
Buerokraft,Bürokraft,Job ABC,B,Bürokraft
Busfahrer,Busfahrer,Job ABC,B,Busfahrer
Business,Business,Job ABC,B,Business
Business-Manager,Business Manager,Job ABC,B,Business Manager
Business-Unit-Manager,Business Unit Manager,Job ABC,B,Business Unit Manager
Business-Analyst,Business Analyst,Job ABC,B,Business Analyst
Business-Consultant,Business Consultant,Job ABC,B,Business Consultant
Business-Development-Manager,Business Development Manager,Job ABC,B,Business Development Manager
Business-Process Analyst,Business Process Analyst,Job ABC,B,Business Process Analyst
CAD-Konstrukteur,CAD Konstrukteur,Job ABC,C,CAD Konstrukteur
Callcenter-Agent,Callcenter Agent,Job ABC,C,Callcenter Agent
Case-Manager,Case Manager,Job ABC,C,Case Manager
Category-Manager,Category Manager,Job ABC,C,Category Manager
Change-Manager,Change Manager,Job ABC,C,Change Manager
Channel-Account-Manager,Channel Account Manager,Job ABC,C,Channel Account Manager
Chauffeur,Chauffeur,Job ABC,C,Chauffeur
Chefarzt,Chefarzt,Job ABC,C,Chefarzt
Chefkoch,Chefkoch,Job ABC,C,Chefkoch
Chefsekretaerin,Chefsekretärin,Job ABC,C,Chefsekretärin
Chemieingenieur,Chemieingenieur,Job ABC,C,Chemieingenieur
Chemielaborant,Chemielaborant,Job ABC,C,Chemielaborant
Chemikant,Chemikant,Job ABC,C,Chemikant
Chemiker,Chemiker,Job ABC,C,Chemiker
Chief Operating Officer,Chief Operating Officer,Job ABC,C,Chief Operating Officer
Chirurg,Chirurg,Job ABC,C,Chirurg
Chirurgiemechaniker,Chirurgiemechaniker,Job ABC,C,Chirurgiemechaniker
Choreograph,Choreograph,Job ABC,C,Choreograph
Clinical Research Manager,Clinical Research Manager,Job ABC,C,Clinical Research Manager
Clubmanager,Clubmanager,Job ABC,C,Clubmanager
CNC-Abkanter,CNC Abkanter,Job ABC,C,CNC Abkanter
CNC-Bohrer,CNC Bohrer,Job ABC,C,CNC Bohrer
CNC-Dreher,CNC Dreher,Job ABC,C,CNC Dreher
CNC-Schleifer,CNC Schleifer,Job ABC,C,CNC Schleifer
CNC-Fraeser,CNC Fräser,Job ABC,C,CNC Fräser
Coach,Coach,Job ABC,C,Coach
Coaching,Coaching,Job ABC,C,Coaching
Commercial-Manager,Commercial Manager,Job ABC,C,Commercial Manager
Community-Manager,Community Manager,Job ABC,C,Community Manager
Compliance Officer,Compliance Officer,Job ABC,C,Compliance Officer
Configuration-Management-Engineer,Configuration Management Engineer,Job ABC,C,Configuration Management Engineer
Consultant,Consultant,Job ABC,C,Consultant
Consultant-SAP,Consultant SAP,Job ABC,C,Consultant SAP
Content-Manager,Content Manager,Job ABC,C,Content Manager
Contract-Manager,Contract Manager,Job ABC,C,Contract Manager
Controller,Controller,Job ABC,C,Controller
Country-Manager,Country Manager,Job ABC,C,Country Manager
Creative-Director,Creative Director,Job ABC,C,Creative Director
Customer-Relationship-Manager,Customer Relationship Manager,Job ABC,C,Customer Relationship Manager
Customer-Service Manager,Customer Service Manager,Job ABC,C,Customer Service Manager
Dachdecker,Dachdecker,Job ABC,D,Dachdecker
Data-Mining-Spezialist,Data Mining Spezialist,Job ABC,D,Data Mining Spezialist
Datenbankadministrator,Datenbankadministrator,Job ABC,D,Datenbankadministrator
Datenerfasser,Datenerfasser,Job ABC,D,Datenerfasser
Datenschutzbeauftragter,Datenschutzbeauftragter,Job ABC,D,Datenschutzbeauftragter
Datentechnischer-Assistent,Datentechnischer Assistent,Job ABC,D,Datentechnischer Assistent
Datentypist,Datentypist,Job ABC,D,Datentypist
Debitoren-Manager,Debitoren Manager,Job ABC,D,Debitoren Manager
Debitorenbuchhalter,Debitorenbuchhalter,Job ABC,D,Debitorenbuchhalter
Dentalassistent,Dentalassistent,Job ABC,D,Dentalassistent
Design-Manager,Design Manager,Job ABC,D,Design Manager
Designer,Designer,Job ABC,D,Designer
Design-Ingenieur,Design Ingenieur,Job ABC,D,Design Ingenieur
Detektiv,Detektiv,Job ABC,D,Detektiv
Developer,Developer,Job ABC,D,Developer
Diabetesfachberater,Diabetesfachberater,Job ABC,D,Diabetesfachberater
Diakon,Diakon,Job ABC,D,Diakon
Dipl-Ingenieur,Dipl Ingenieur,Job ABC,D,Dipl Ingenieur
Diplom,Diplom,Job ABC,D,Diplom
Director-Human-Resource,Director Human Resource,Job ABC,D,Director Human Resource
Disponent,Disponent,Job ABC,D,Disponent
Dokumentalist,Dokumentalist,Job ABC,D,Dokumentalist
Dolmetscher,Dolmetscher,Job ABC,D,Dolmetscher
Dozent,Dozent,Job ABC,D,Dozent
Dramaturg,Dramaturg,Job ABC,D,Dramaturg
Dreher,Dreher,Job ABC,D,Dreher
Drogist,Drogist,Job ABC,D,Drogist
Drucker,Drucker,Job ABC,D,Drucker
Drucktechniker,Drucktechniker,Job ABC,D,Drucktechniker
Drug-Safety-Officer,Drug Safety Officer,Job ABC,D,Drug Safety Officer
Drug-Safty-Spezialist,Drug Safty Spezialist,Job ABC,D,Drug Safty Spezialist
E-Commerce-Manager,E Commerce Manager,Job ABC,E,E Commerce Manager
EDV-Administrator,EDV Administrator,Job ABC,E,EDV Administrator
Einkaeufer,Einkäufer,Job ABC,E,Einkäufer
Einkaufsassistent,Einkaufsassistent,Job ABC,E,Einkaufsassistent
Einkaufscontroller,Einkaufscontroller,Job ABC,E,Einkaufscontroller
Einkaufsleiter,Einkaufsleiter,Job ABC,E,Einkaufsleiter
Einkaufssachbearbeiter,Einkaufssachbearbeiter,Job ABC,E,Einkaufssachbearbeiter
Einzelhandelskauffrau,Einzelhandelskauffrau,Job ABC,E,Einzelhandelskauffrau
Einzelhandelskaufleute,Einzelhandelskaufleute,Job ABC,E,Einzelhandelskaufleute
Einzelhandelskaufmann,Einzelhandelskaufmann,Job ABC,E,Einzelhandelskaufmann
Einzelhaendler,Einzelhändler,Job ABC,E,Einzelhändler
Eisenbahner,Eisenbahner,Job ABC,E,Eisenbahner
E-Learning-Spezialist,E Learning Spezialist,Job ABC,E,E Learning Spezialist
Elektriker,Elektriker,Job ABC,E,Elektriker
Elektroanlagenmonteur,Elektroanlagenmonteur,Job ABC,E,Elektroanlagenmonteur
Elektroingenieur,Elektroingenieur,Job ABC,E,Elektroingenieur
Elektroinstallateur,Elektroinstallateur,Job ABC,E,Elektroinstallateur
Elektrokonstrukteur,Elektrokonstrukteur,Job ABC,E,Elektrokonstrukteur
Elektromonteur,Elektromonteur,Job ABC,E,Elektromonteur
Elektroniker,Elektroniker,Job ABC,E,Elektroniker
Elektroniker-Energie-Gebaeudetechnik,Elektroniker Energie  und Gebäudetechnik,Job ABC,E,Elektroniker Energie und Gebäudetechnik
Elektroniker-Betriebstechnik,Elektroniker für Betriebstechnik,Job ABC,E,Elektroniker für Betriebstechnik
Elektrotechniker,Elektrotechniker,Job ABC,E,Elektrotechniker
Empfangsassistent,Empfangsassistent,Job ABC,E,Empfangsassistent
Empfangsdame,Empfangsdame,Job ABC,E,Empfangsdame
Empfangskraft,Empfangskraft,Job ABC,E,Empfangskraft
Empfangsmitarbeiter,Empfangsmitarbeiter,Job ABC,E,Empfangsmitarbeiter
Energieanlageneletroniker,Energieanlageneletroniker,Job ABC,E,Energieanlageneletroniker
Energieberater,Energieberater,Job ABC,E,Energieberater
Energieingenieur,Energieingenieur,Job ABC,E,Energieingenieur
Engineer,Engineer,Job ABC,E,Engineer
Engineering Manager,Engineering Manager,Job ABC,E,Engineering Manager
Entbindungspfleger,Entbindungspfleger,Job ABC,E,Entbindungspfleger
Entwickler,Entwickler,Job ABC,E,Entwickler
Entwicklungsingenieur,Entwicklungsingenieur,Job ABC,E,Entwicklungsingenieur
Entwicklungsleiter,Entwicklungsleiter,Job ABC,E,Entwicklungsleiter
Ergotherapeut,Ergotherapeut,Job ABC,E,Ergotherapeut
Erlebnispaedagoge,Erlebnispädagoge,Job ABC,E,Erlebnispädagoge
Ernaehrungsberater,Ernährungsberater,Job ABC,E,Ernährungsberater
Erzieher,Erzieher,Job ABC,E,Erzieher
Erzieherin,Erzieherin,Job ABC,E,Erzieherin
Europasekretaer,Europasekretär,Job ABC,E,Europasekretär
Event-Manager,Event Manager,Job ABC,E,Event Manager
Executive-Assistant,Executive Assistant,Job ABC,E,Executive Assistant
Experte,Experte,Job ABC,E,Experte
Exportsachbearbeiter,Exportsachbearbeiter,Job ABC,E,Exportsachbearbeiter
Facharzt,Facharzt,Job ABC,F,Facharzt
Facharzt-Anaesthesiologie,Facharzt Anästhesiologie,Job ABC,F,Facharzt Anästhesiologie
Facharzt-Dermatologie,Facharzt Dermatologie,Job ABC,F,Facharzt Dermatologie
Facharzt-Innere-Medizin,Facharzt für Innere Medizin,Job ABC,F,Facharzt für Innere Medizin
Facharzt-Gynaekologie,Facharzt Gynäkologie,Job ABC,F,Facharzt Gynäkologie
Facharzt-Ophthalmologie,Facharzt Ophthalmologie,Job ABC,F,Facharzt Ophthalmologie
Facharzt-Orthopaedie,Facharzt Orthopädie,Job ABC,F,Facharzt Orthopädie
Facharzt-Paediatrie,Facharzt Pädiatrie,Job ABC,F,Facharzt Pädiatrie
Facharzt-Psychiatrie,Facharzt Psychiatrie,Job ABC,F,Facharzt Psychiatrie
Facharzt-Radiologie,Facharzt Radiologie,Job ABC,F,Facharzt Radiologie
Fachaerztin-Chirurgie,Fachärztin Chirurgie,Job ABC,F,Fachärztin Chirurgie
Fachinformatiker,Fachinformatiker,Job ABC,F,Fachinformatiker
Fachingenieur,Fachingenieur,Job ABC,F,Fachingenieur
Fachkraft,Fachkraft ,Job ABC,F,Fachkraft 
Fachkraft-Lagerlogistik,Fachkraft für Lagerlogistik,Job ABC,F,Fachkraft für Lagerlogistik
Fachkraft-Lebensmitteltechnik,Fachkraft für Lebensmitteltechnik,Job ABC,F,Fachkraft für Lebensmitteltechnik
Fachkraft-Schutz-Sicherheit,Fachkraft für Schutz und Sicherheit,Job ABC,F,Fachkraft für Schutz und Sicherheit
Fachkraft-Veranstaltungstechnik,Fachkraft für Veranstaltungstechnik,Job ABC,F,Fachkraft für Veranstaltungstechnik
Fachmann,Fachmann,Job ABC,F,Fachmann
Fachverkaeufer,Fachverkäufer,Job ABC,F,Fachverkäufer
Facilitator,Facilitator,Job ABC,F,Facilitator
Facility-Manager,Facility Manager,Job ABC,F,Facility Manager
Fahrer,Fahrer,Job ABC,F,Fahrer
Fahrzeuglackierer,Fahrzeuglackierer,Job ABC,F,Fahrzeuglackierer
Fassadenmonteur,Fassadenmonteur,Job ABC,F,Fassadenmonteur
Feinmechaniker,Feinmechaniker,Job ABC,F,Feinmechaniker
Feinwerkmechaniker,Feinwerkmechaniker,Job ABC,F,Feinwerkmechaniker
Fensterbauer,Fensterbauer,Job ABC,F,Fensterbauer
Fernseh-Journalist,Fernseh Journalist,Job ABC,F,Fernseh Journalist
Fertigungsingenieur,Fertigungsingenieur,Job ABC,F,Fertigungsingenieur
Fertigungsmechaniker,Fertigungsmechaniker,Job ABC,F,Fertigungsmechaniker
Filialleiter,Filialleiter,Job ABC,F,Filialleiter
Financial-Analyst,Financial Analyst,Job ABC,F,Financial Analyst
Finanz-Rechnungswesenfachmann,Finanz  und Rechnungswesenfachmann,Job ABC,F,Finanz  und Rechnungswesenfachmann
Finanzberater,Finanzberater,Job ABC,F,Finanzberater
Finanzbuchhalter,Finanzbuchhalter,Job ABC,F,Finanzbuchhalter
Finanzleiter,Finanzleiter,Job ABC,F,Finanzleiter
Finanzplaner,Finanzplaner,Job ABC,F,Finanzplaner
Firmenkundenberater,Firmenkundenberater,Job ABC,F,Firmenkundenberater
Fleischer,Fleischer,Job ABC,F,Fleischer
Fleischereifachverkaeufer,Fleischereifachverkäufer,Job ABC,F,Fleischereifachverkäufer
Flight-Attendant,Flight Attendant,Job ABC,F,Flight Attendant
Florist,Florist,Job ABC,F,Florist
Flottenmanager,Flottenmanager,Job ABC,F,Flottenmanager
Flugbegleiter,Flugbegleiter,Job ABC,F,Flugbegleiter
Fluggeraetemechaniker,Fluggerätemechaniker,Job ABC,F,Fluggerätemechaniker
Fluggeraetmechaniker,Fluggerätmechaniker,Job ABC,F,Fluggerätmechaniker
Flugzeugtechniker,Flugzeugtechniker,Job ABC,F,Flugzeugtechniker
Forscher,Forscher,Job ABC,F,Forscher
Forschungsassistent,Forschungsassistent,Job ABC,F,Forschungsassistent
Forschungsingenieur,Forschungsingenieur,Job ABC,F,Forschungsingenieur
Foerster,Förster,Job ABC,F,Förster
Fotograf,Fotograf,Job ABC,F,Fotograf
Fraeser,Fräser,Job ABC,F,Fräser
Freileitungsmonteur,Freileitungsmonteur,Job ABC,F,Freileitungsmonteur
Freiwilliger-Mitarbeiter,Freiwilliger Mitarbeiter,Job ABC,F,Freiwilliger Mitarbeiter
Fremdsprachen-Assistent,Fremdsprachen Assistent,Job ABC,F,Fremdsprachen Assistent
Fremdsprachenassistentin,Fremdsprachenassistentin,Job ABC,F,Fremdsprachenassistentin
Fremdsprachenkorrespondent,Fremdsprachenkorrespondent,Job ABC,F,Fremdsprachenkorrespondent
Fremdsprachensekretaer,Fremdsprachensekretär,Job ABC,F,Fremdsprachensekretär
Fremdsprachensekretaerin,Fremdsprachensekretärin,Job ABC,F,Fremdsprachensekretärin
Friseur,Friseur,Job ABC,F,Friseur
Friseure,Friseure,Job ABC,F,Friseure
Friseurin,Friseurin,Job ABC,F,Friseurin
Fuehrungskraft,Führungskraft,Job ABC,F,Führungskraft
Fundraiser,Fundraiser,Job ABC,F,Fundraiser
Fundraising,Fundraising,Job ABC,F,Fundraising
Gabelstaplerfahrer,Gabelstaplerfahrer,Job ABC,G,Gabelstaplerfahrer
Galerist,Galerist,Job ABC,G,Galerist
Galvaniseur,Galvaniseur,Job ABC,G,Galvaniseur
Gaertner,Gärtner,Job ABC,G,Gärtner
Gas-Wasserinstallateur,Gas  und Wasserinstallateur,Job ABC,G,Gas  und Wasserinstallateur
Gebaeudereiniger,Gebäudereiniger,Job ABC,G,Gebäudereiniger
Gebaeudetechniker,Gebäudetechniker,Job ABC,G,Gebäudetechniker
Gebietsleiter,Gebietsleiter,Job ABC,G,Gebietsleiter
General-Counsel,General Counsel,Job ABC,G,General Counsel
Geograf,Geograf,Job ABC,G,Geograf
Geoinformatiker,Geoinformatiker,Job ABC,G,Geoinformatiker
Geologe,Geologe,Job ABC,G,Geologe
Geomatiker,Geomatiker,Job ABC,G,Geomatiker
Geophysiker,Geophysiker,Job ABC,G,Geophysiker
Geruestbauer,Gerüstbauer,Job ABC,G,Gerüstbauer
Geschaeftsfuehrer,Geschäftsführer,Job ABC,G,Geschäftsführer
Gesundheitsberater,Gesundheitsberater,Job ABC,G,Gesundheitsberater
GIS-Spezialist,GIS Spezialist,Job ABC,G,GIS Spezialist
Glaser,Glaser,Job ABC,G,Glaser
Grafikdesigner,Grafikdesigner,Job ABC,G,Grafikdesigner
Grafiker,Grafiker,Job ABC,G,Grafiker
Grosshandelskaufmann,Großhandelskaufmann,Job ABC,G,Großhandelskaufmann
Hardwareentwickler,Hardwareentwickler,Job ABC,H,Hardwareentwickler
Hausmeister,Hausmeister,Job ABC,H,Hausmeister
Hauswart,Hauswart,Job ABC,H,Hauswart
Hausverwalter,Hausverwalter,Job ABC,H,Hausverwalter
Hauswirtschafter,Hauswirtschafter,Job ABC,H,Hauswirtschafter
Hauswirtschafterin,Hauswirtschafterin,Job ABC,H,Hauswirtschafterin
Head-Regulatory-Affairs,Head Regulatory Affairs,Job ABC,H,Head Regulatory Affairs
Health-Manager,Health Manager,Job ABC,H,Health Manager
Hebamme,Hebamme,Job ABC,H,Hebamme
Heilpaedagoge,Heilpädagoge,Job ABC,H,Heilpädagoge
Heilpraktiker,Heilpraktiker,Job ABC,H,Heilpraktiker
Heimleiter,Heimleiter,Job ABC,H,Heimleiter
Heizungstechnik,Heizungstechnik,Job ABC,H,Heizungstechnik
Helfer,Helfer,Job ABC,H,Helfer
Herausgeber,Herausgeber,Job ABC,H,Herausgeber
Hilfsarbeiter,Hilfsarbeiter,Job ABC,H,Hilfsarbeiter
Hilfskraft,Hilfskraft,Job ABC,H,Hilfskraft
Historiker,Historiker,Job ABC,H,Historiker
HLK-Ingenieur,HLK Ingenieur,Job ABC,H,HLK Ingenieur
Hochbauingenieur,Hochbauingenieur,Job ABC,H,Hochbauingenieur
Holzbearbeitungsmechaniker,Holzbearbeitungsmechaniker,Job ABC,H,Holzbearbeitungsmechaniker
Holzmechaniker,Holzmechaniker,Job ABC,H,Holzmechaniker
Hoteldirektor,Hoteldirektor,Job ABC,H,Hoteldirektor
Hotelfachfrau,Hotelfachfrau,Job ABC,H,Hotelfachfrau
Hotelfachleute,Hotelfachleute,Job ABC,H,Hotelfachleute
Hotelfachmann,Hotelfachmann,Job ABC,H,Hotelfachmann
HR-Manager,HR Manager,Job ABC,H,HR Manager
Illustrator,Illustrator,Job ABC,I,Illustrator
Immobilienbewirtschafter,Immobilienbewirtschafter,Job ABC,I,Immobilienbewirtschafter
Immobilienkaufmann,Immobilienkaufmann,Job ABC,I,Immobilienkaufmann
Immobilienmakler,Immobilienmakler,Job ABC,I,Immobilienmakler
Immobilienschuetzer,Immobilienschützer,Job ABC,I,Immobilienschützer
Inbetriebnahmefachmann,Inbetriebnahmefachmann,Job ABC,I,Inbetriebnahmefachmann
Inbetriebnahmeleiter,Inbetriebnahmeleiter,Job ABC,I,Inbetriebnahmeleiter
Industriedesigner,Industriedesigner,Job ABC,I,Industriedesigner
Industriekauffrau,Industriekauffrau,Job ABC,I,Industriekauffrau
Industriekaufleute,Industriekaufleute,Job ABC,I,Industriekaufleute
Industriekaufmann,Industriekaufmann,Job ABC,I,Industriekaufmann
Industriemechaniker,Industriemechaniker,Job ABC,I,Industriemechaniker
Informatiker,Informatiker,Job ABC,I,Informatiker
Informatik-Ingenieur,Informatik Ingenieur,Job ABC,I,Informatik Ingenieur
Informatikkaufmann,Informatikkaufmann,Job ABC,I,Informatikkaufmann
Information-Manager,Information Manager,Job ABC,I,Information Manager
Informationselektroniker,Informationselektroniker,Job ABC,I,Informationselektroniker
Ingenieur,Ingenieur,Job ABC,I,Ingenieur
Ingenieurbuero,Ingenieurbüro,Job ABC,I,Ingenieurbüro
Innenarchitekt,Innenarchitekt,Job ABC,I,Innenarchitekt
Innovationsmanager,Innovationsmanager,Job ABC,I,Innovationsmanager
Inspektor,Inspektor,Job ABC,I,Inspektor
Instruktor,Instruktor,Job ABC,I,Instruktor
Intendant,Intendant,Job ABC,I,Intendant
Internist,Internist,Job ABC,I,Internist
Interviewer,Interviewer,Job ABC,I,Interviewer
IT-Administrator,IT Administrator,Job ABC,I,IT Administrator
IT-Berater,IT Berater,Job ABC,I,IT Berater
IT-Kundenbetreuer,IT Kundenbetreuer,Job ABC,I,IT Kundenbetreuer
IT-Leiter,IT Leiter,Job ABC,I,IT Leiter
IT-Manager,IT Manager,Job ABC,I,IT Manager
IT-Mitarbeiter,IT Mitarbeiter,Job ABC,I,IT Mitarbeiter
IT-Projektmanager,IT Projektmanager,Job ABC,I,IT Projektmanager
IT-Supporter,IT Supporter,Job ABC,I,IT Supporter
IT-Systemadministrator,IT Systemadministrator,Job ABC,I,IT Systemadministrator
IT-Systemelektroniker,IT Systemelektroniker,Job ABC,I,IT Systemelektroniker
IT-Systemkaufmann,IT Systemkaufmann,Job ABC,I,IT Systemkaufmann
Java-Entwickler,Java Entwickler,Job ABC,J,Java Entwickler
Journalist,Journalist,Job ABC,J,Journalist
Jugendbetreuer,Jugendbetreuer,Job ABC,J,Jugendbetreuer
Junior-Manager,Junior Manager,Job ABC,J,Junior Manager
Jurist,Jurist,Job ABC,J,Jurist
Kalkulator,Kalkulator,Job ABC,K,Kalkulator
Kaelteanlagenbauer,Kälteanlagenbauer,Job ABC,K,Kälteanlagenbauer
Kameramann,Kameramann,Job ABC,K,Kameramann
Kapitaen,Kapitän,Job ABC,K,Kapitän
Kardiologe,Kardiologe,Job ABC,K,Kardiologe
Karosseriebauer,Karosseriebauer,Job ABC,K,Karosseriebauer
Kartograf,Kartograf,Job ABC,K,Kartograf
Kaeufer,Käufer,Job ABC,K,Käufer
Kauffrau im Einzelhandel,Kauffrau im Einzelhandel,Job ABC,K,Kauffrau im Einzelhandel
Kaufmann,Kaufmann,Job ABC,K,Kaufmann
Kaufmann-audiovisuelle-Medien,Kaufmann für audiovisuelle Medien,Job ABC,K,Kaufmann für audiovisuelle Medien
Kaufmann-Einzelhandel,Kaufmann im Einzelhandel,Job ABC,K,Kaufmann im Einzelhandel
Kaufmaennischer-Angestellter,Kaufmännischer Angestellter,Job ABC,K,Kaufmännischer Angestellter
Kaufmaennischer-Leiter,Kaufmännischer Leiter,Job ABC,K,Kaufmännischer Leiter
Kaufmaennischer-Mitarbeiter,Kaufmännischer Mitarbeiter,Job ABC,K,Kaufmännischer Mitarbeiter
Key-Account-Manager,Key Account Manager,Job ABC,K,Key Account Manager
Kfz-Mechaniker,Kfz Mechaniker,Job ABC,K,Kfz Mechaniker
Kieferorthopaede,Kieferorthopäde,Job ABC,K,Kieferorthopäde
Kindergaertnerin,Kindergärtnerin,Job ABC,K,Kindergärtnerin
Kinderkrankenschwester,Kinderkrankenschwester,Job ABC,K,Kinderkrankenschwester
Kleinkinderzieher,Kleinkinderzieher,Job ABC,K,Kleinkinderzieher
Klempner,Klempner,Job ABC,K,Klempner
Klimatechnik,Klimatechnik,Job ABC,K,Klimatechnik
Koch,Koch,Job ABC,K,Koch
Kommissionierer,Kommissionierer,Job ABC,K,Kommissionierer
Kommunikationschef,Kommunikationschef,Job ABC,K,Kommunikationschef
Kommunikations-Designer,Kommunikations Designer,Job ABC,K,Kommunikations Designer
Komponist,Komponist,Job ABC,K,Komponist
Konditor,Konditor,Job ABC,K,Konditor
Konservator,Konservator,Job ABC,K,Konservator
Konstrukteur,Konstrukteur,Job ABC,K,Konstrukteur
Konstruktionsingenieur,Konstruktionsingenieur,Job ABC,K,Konstruktionsingenieur
Konstruktionsleiter,Konstruktionsleiter,Job ABC,K,Konstruktionsleiter
Konstruktionsmechaniker,Konstruktionsmechaniker,Job ABC,K,Konstruktionsmechaniker
Konzeptioner,Konzeptioner,Job ABC,K,Konzeptioner
Kosmetikerin,Kosmetikerin,Job ABC,K,Kosmetikerin
Kraftfahrer,Kraftfahrer,Job ABC,K,Kraftfahrer
Kraftfahrzeugmechaniker,Kraftfahrzeugmechaniker,Job ABC,K,Kraftfahrzeugmechaniker
Kraftfahrzeugmechatroniker,Kraftfahrzeugmechatroniker,Job ABC,K,Kraftfahrzeugmechatroniker
Kranfuehrer,Kranführer,Job ABC,K,Kranführer
Krankengymnast,Krankengymnast,Job ABC,K,Krankengymnast
Krankenpfleger,Krankenpfleger,Job ABC,K,Krankenpfleger
Krankenpflegerin,Krankenpflegerin,Job ABC,K,Krankenpflegerin
Krankenschwester,Krankenschwester,Job ABC,K,Krankenschwester
Kreditmanager,Kreditmanager,Job ABC,K,Kreditmanager
Kreditorenbuchhalter,Kreditorenbuchhalter,Job ABC,K,Kreditorenbuchhalter
Kreditsachbearbeiter,Kreditsachbearbeiter,Job ABC,K,Kreditsachbearbeiter
Kundenberater,Kundenberater,Job ABC,K,Kundenberater
Kundenbetreuer,Kundenbetreuer,Job ABC,K,Kundenbetreuer
Kuenstler,Künstler,Job ABC,K,Künstler
Laborant,Laborant,Job ABC,L,Laborant
Laborassistent,Laborassistent,Job ABC,L,Laborassistent
Laborleiter,Laborleiter,Job ABC,L,Laborleiter
Lackierer,Lackierer,Job ABC,L,Lackierer
Lacklaborant,Lacklaborant,Job ABC,L,Lacklaborant
Lagerarbeiter,Lagerarbeiter,Job ABC,L,Lagerarbeiter
Lagerfachkraft,Lagerfachkraft,Job ABC,L,Lagerfachkraft
Lagerist,Lagerist,Job ABC,L,Lagerist
Lagerlogistiker,Lagerlogistiker,Job ABC,L,Lagerlogistiker
Landmaschinenmechaniker,Landmaschinenmechaniker,Job ABC,L,Landmaschinenmechaniker
Landwirt,Landwirt,Job ABC,L,Landwirt
Layouter,Layouter,Job ABC,L,Layouter
Lebensberater,Lebensberater,Job ABC,L,Lebensberater
Lebensmittelchemiker,Lebensmittelchemiker,Job ABC,L,Lebensmittelchemiker
Lebensmittelingenieur,Lebensmittelingenieur,Job ABC,L,Lebensmittelingenieur
Lebensmitteltechniker,Lebensmitteltechniker,Job ABC,L,Lebensmitteltechniker
Legal-Counsel,Legal Counsel,Job ABC,L,Legal Counsel
Lehrer,Lehrer,Job ABC,L,Lehrer
Lehrling,Lehrling,Job ABC,L,Lehrling
Leitender-Ingenieur,Leitender Ingenieur,Job ABC,L,Leitender Ingenieur
Leiter,Leiter,Job ABC,L,Leiter
Leiter-Unternehmensentwicklung,Leiter der Unternehmensentwicklung,Job ABC,L,Leiter der Unternehmensentwicklung
Leiter-Facility-Management,Leiter Facility Management,Job ABC,L,Leiter Facility Management
Leiter-Forschung-Entwicklung,Leiter Forschung und Entwicklung,Job ABC,L,Leiter Forschung und Entwicklung
Leiter-Pflegedienst,Leiter im Pflegedienst,Job ABC,L,Leiter im Pflegedienst
Leiter-Rechtsdienst,Leiter im Rechtsdienst,Job ABC,L,Leiter im Rechtsdienst
Leiter-Instandhaltung,Leiter Instandhaltung,Job ABC,L,Leiter Instandhaltung
Leiter-Kundendienst,Leiter Kundendienst,Job ABC,L,Leiter Kundendienst
Leiter-Marketing-Verkauf,Leiter Marketing und Verkauf,Job ABC,L,Leiter Marketing und Verkauf
Leiter-Personalentwicklung,Leiter Personalentwicklung,Job ABC,L,Leiter Personalentwicklung
Leiter-Produktentwicklung,Leiter Produktentwicklung,Job ABC,L,Leiter Produktentwicklung
Leiter-Produktmanagement,Leiter Produktmanagement,Job ABC,L,Leiter Produktmanagement
Leiter-Qualitaetsmanagement,Leiter Qualitätsmanagement,Job ABC,L,Leiter Qualitätsmanagement
Leiter-Sicherheits-Risikomanagement,Leiter Sicherheits Risikomanagement,Job ABC,L,Leiter Sicherheits Risikomanagement
Leiter-Software-Entwicklung,Leiter Software Entwicklung,Job ABC,L,Leiter Software Entwicklung
Leiter-Supply-Chain,Leiter Supply Chain,Job ABC,L,Leiter Supply Chain
Leiter-Technik,Leiter Technik,Job ABC,L,Leiter Technik
Leiter-Verkaufsinnendienst,Leiter Verkaufsinnendienst,Job ABC,L,Leiter Verkaufsinnendienst
Leiter-Verkaufstraining,Leiter Verkaufstraining,Job ABC,L,Leiter Verkaufstraining
Leiter-Verpackung,Leiter Verpackung,Job ABC,L,Leiter Verpackung
Leiter-Wohngruppe,Leiter Wohngruppe,Job ABC,L,Leiter Wohngruppe
Leiter-Konstruktion,Leiter Konstruktion,Job ABC,L,Leiter Konstruktion
Lektor,Lektor,Job ABC,L,Lektor
Logistiker,Logistiker,Job ABC,L,Logistiker
Logistikleiter,Logistikleiter,Job ABC,L,Logistikleiter
Logistikplaner,Logistikplaner,Job ABC,L,Logistikplaner
Lohnbuchhalter,Lohnbuchhalter,Job ABC,L,Lohnbuchhalter
Luft-Raumfahrtingenieur,Luft  und Raumfahrtingenieur,Job ABC,L,Luft  und Raumfahrtingenieur
Luft-Raumfahrttechnik,Luft  und Raumfahrttechnik,Job ABC,L,Luft  und Raumfahrttechnik
MAG-Schweisser,MAG Schweißer,Job ABC,M,MAG Schweißer
Makler,Makler,Job ABC,M,Makler
Maler,Maler,Job ABC,M,Maler
Management Analyst,Management Analyst,Job ABC,M,Management Analyst
Manager,Manager,Job ABC,M,Manager
Manager-Medical-Affairs,Manager Medical Affairs,Job ABC,M,Manager Medical Affairs
Marketingassistent,Marketingassistent,Job ABC,M,Marketingassistent
Marketingberater,Marketingberater,Job ABC,M,Marketingberater
Marketingleiter,Marketingleiter,Job ABC,M,Marketingleiter
Marketingmanager,Marketingmanager,Job ABC,M,Marketingmanager
Marktforscher,Marktforscher,Job ABC,M,Marktforscher
Maschinenbauingenieur,Maschinenbauingenieur,Job ABC,M,Maschinenbauingenieur
Maschinenbautechniker,Maschinenbautechniker,Job ABC,M,Maschinenbautechniker
Maschinenbediener,Maschinenbediener,Job ABC,M,Maschinenbediener
Maschinenfuehrer,Maschinenführer,Job ABC,M,Maschinenführer
Maschineningenieur,Maschineningenieur,Job ABC,M,Maschineningenieur
Masseur,Masseur,Job ABC,M,Masseur
Mathematiker,Mathematiker,Job ABC,M,Mathematiker
Maurer,Maurer,Job ABC,M,Maurer
Mechanical-Design-Engineer,Mechanical Design Engineer,Job ABC,M,Mechanical Design Engineer
Mechaniker,Mechaniker,Job ABC,M,Mechaniker
Mechatroniker,Mechatroniker,Job ABC,M,Mechatroniker
Mechatronik Ingenieur,Mechatronik Ingenieur,Job ABC,M,Mechatronik Ingenieur
Mediaberater,Mediaberater,Job ABC,M,Mediaberater
Mediator,Mediator,Job ABC,M,Mediator
Medical-Advisor,Medical Advisor,Job ABC,M,Medical Advisor
Medical-Manager,Medical Manager,Job ABC,M,Medical Manager
Mediengestalter,Mediengestalter,Job ABC,M,Mediengestalter
Medientechnologe,Medientechnologe,Job ABC,M,Medientechnologe
Medizinischer-Direktor,Medizinischer Direktor,Job ABC,M,Medizinischer Direktor
Medizinischer-Dokumentationsassistent,Medizinischer Dokumentationsassistent,Job ABC,M,Medizinischer Dokumentationsassistent
Medizinphysiker,Medizinphysiker,Job ABC,M,Medizinphysiker
Medizintechniker,Medizintechniker,Job ABC,M,Medizintechniker
Messtechniker,Messtechniker,Job ABC,M,Messtechniker
Metallbauer,Metallbauer,Job ABC,M,Metallbauer
Metzger,Metzger,Job ABC,M,Metzger
MIG-Schweisser,MIG Schweißer,Job ABC,M,MIG Schweißer
Mitarbeiter-Marketing,Mitarbeiter Marketing,Job ABC,M,Mitarbeiter Marketing
Modedesigner,Modedesigner,Job ABC,M,Modedesigner
Model,Model,Job ABC,M,Model
Monteur,Monteur,Job ABC,M,Monteur
Montierer,Montierer,Job ABC,M,Montierer
MSR-Techniker,MSR Techniker,Job ABC,M,MSR Techniker
MTA,MTA,Job ABC,M,MTA
Muellwerker,Müllwerker,Job ABC,M,Müllwerker
Multimedia Produzent,Multimedia Produzent,Job ABC,M,Multimedia Produzent
Musiker,Musiker,Job ABC,M,Musiker
Musiklehrer,Musiklehrer,Job ABC,M,Musiklehrer
Musikproduzent,Musikproduzent,Job ABC,M,Musikproduzent
Musikwissenschafter,Musikwissenschafter,Job ABC,M,Musikwissenschafter
Naeher,Näher,Job ABC,N,Näher
Netzwerkadministrator,Netzwerkadministrator,Job ABC,N,Netzwerkadministrator
Netzwerk-Ingenieur,Netzwerk Ingenieur,Job ABC,N,Netzwerk Ingenieur
New-Media-Konzepter,New Media Konzepter,Job ABC,N,New Media Konzepter
Niederlassungsleiter,Niederlassungsleiter,Job ABC,N,Niederlassungsleiter
Notar,Notar,Job ABC,N,Notar
Notarfachangestellter,Notarfachangestellter,Job ABC,N,Notarfachangestellter
Oberarzt,Oberarzt,Job ABC,O,Oberarzt
Oberflaechenbeschichter,Oberflächenbeschichter,Job ABC,O,Oberflächenbeschichter
Obermonteur,Obermonteur,Job ABC,O,Obermonteur
Office-Manager,Office Manager,Job ABC,O,Office Manager
Offset-Drucker,Offset Drucker,Job ABC,O,Offset Drucker
Oekologe,Ökologe,Job ABC,O,Ökologe
Oenologe,Önologe,Job ABC,O,Önologe
Operations Manager,Operations Manager,Job ABC,O,Operations Manager
Operator,Operator,Job ABC,O,Operator
Optiker,Optiker,Job ABC,O,Optiker
Optometrie,Optometrie,Job ABC,O,Optometrie
Organisator,Organisator,Job ABC,O,Organisator
Osteopath,Osteopath,Job ABC,O,Osteopath
Paechter,Pächter,Job ABC,P,Pächter
Packer,Packer,Job ABC,P,Packer
Paedagoge,Pädagoge,Job ABC,P,Pädagoge
Partner,Partner,Job ABC,P,Partner
Patentanwalt,Patentanwalt,Job ABC,P,Patentanwalt
Patent-Assessor,Patent Assessor,Job ABC,P,Patent Assessor
Patentingenieur,Patentingenieur,Job ABC,P,Patentingenieur
Patissier,Patissier,Job ABC,P,Patissier
Personalberater,Personalberater,Job ABC,P,Personalberater
Personalleiter,Personalleiter,Job ABC,P,Personalleiter
Personalreferent,Personalreferent,Job ABC,P,Personalreferent
Personalrekrutierer,Personalrekrutierer,Job ABC,P,Personalrekrutierer
Personalsachbearbeiter,Personalsachbearbeiter,Job ABC,P,Personalsachbearbeiter
Personalvermittler,Personalvermittler,Job ABC,P,Personalvermittler
Pflege-Ausbildner,Pflege Ausbildner,Job ABC,P,Pflege Ausbildner
Pflegehelfer,Pflegehelfer,Job ABC,P,Pflegehelfer
Pharmaberater,Pharmaberater,Job ABC,P,Pharmaberater
Pharmakant,Pharmakant,Job ABC,P,Pharmakant
Pharmareferent,Pharmareferent,Job ABC,P,Pharmareferent
Pharmatechniker,Pharmatechniker,Job ABC,P,Pharmatechniker
Pharmazeutisch-technischer-Assistent,Pharmazeutisch technischer Assistent,Job ABC,P,Pharmazeutisch technischer Assistent
Philosoph,Philosoph,Job ABC,P,Philosoph
Physiker,Physiker,Job ABC,P,Physiker
Physik Laborant,Physik Laborant,Job ABC,P,Physik Laborant
Physiotherapeut,Physiotherapeut,Job ABC,P,Physiotherapeut
Pilot,Pilot,Job ABC,P,Pilot
PKA-Pharmazeutisch-kaufmaennischer-Assistent,PKA Pharmazeutisch kaufmännischer Assistent,Job ABC,P,PKA Pharmazeutisch kaufmännischer Assistent
Planer,Planer,Job ABC,P,Planer
Polier,Polier,Job ABC,P,Polier
Politologe,Politologe,Job ABC,P,Politologe
Polsterer,Polsterer,Job ABC,P,Polsterer
Portfolio-Manager,Portfolio Manager,Job ABC,P,Portfolio Manager
Praktikant,Praktikant,Job ABC,P,Praktikant
Praesident,Präsident,Job ABC,P,Präsident
CEO,CEO,Job ABC,P,CEO
PR-Assistent,PR Assistent,Job ABC,P,PR Assistent
Private-Banker,Private Banker,Job ABC,P,Private Banker
Privatkundenberater,Privatkundenberater,Job ABC,P,Privatkundenberater
PR-Manager,PR Manager,Job ABC,P,PR Manager
Process-Engineer,Process Engineer,Job ABC,P,Process Engineer
Product-Engineer,Product Engineer,Job ABC,P,Product Engineer
Produktentwickler,Produktentwickler,Job ABC,P,Produktentwickler
Produktgestalter,Produktgestalter,Job ABC,P,Produktgestalter
Produktionsdesigner,Produktionsdesigner,Job ABC,P,Produktionsdesigner
Produktionsfachkraft-Chemie,Produktionsfachkraft Chemie,Job ABC,P,Produktionsfachkraft Chemie
Produktionshelfer,Produktionshelfer,Job ABC,P,Produktionshelfer
Produktionsingenieur,Produktionsingenieur,Job ABC,P,Produktionsingenieur
Produktionsleiter,Produktionsleiter,Job ABC,P,Produktionsleiter
Produktionsmechaniker,Produktionsmechaniker,Job ABC,P,Produktionsmechaniker
Produktionsplaner,Produktionsplaner,Job ABC,P,Produktionsplaner
Produktmanagement-Assistent,Produktmanagement Assistent,Job ABC,P,Produktmanagement Assistent
Produktmanager,Produktmanager,Job ABC,P,Produktmanager
Professor,Professor,Job ABC,P,Professor
Programmierer,Programmierer,Job ABC,P,Programmierer
Programmiersprache,Programmiersprache,Job ABC,P,Programmiersprache
Projectmanager,Projectmanager,Job ABC,P,Projectmanager
Projektassistent,Projektassistent,Job ABC,P,Projektassistent
Projektcontroller,Projektcontroller,Job ABC,P,Projektcontroller
Projektentwickler,Projektentwickler,Job ABC,P,Projektentwickler
Projektingenieur,Projektingenieur,Job ABC,P,Projektingenieur
Projektleiter,Projektleiter,Job ABC,P,Projektleiter
Projektmanager,Projektmanager,Job ABC,P,Projektmanager
Property-Manager,Property Manager,Job ABC,P,Property Manager
Prorektor,Prorektor,Job ABC,P,Prorektor
Prozessingenieur,Prozessingenieur,Job ABC,P,Prozessingenieur
PR-Redaktor,PR Redaktor,Job ABC,P,PR Redaktor
Prueffeld-Techniker,Prüffeld Techniker,Job ABC,P,Prüffeld Techniker
Psychiater,Psychiater,Job ABC,P,Psychiater
Psychologe,Psychologe,Job ABC,P,Psychologe
Psychotherapeut,Psychotherapeut,Job ABC,P,Psychotherapeut
PTA,PTA,Job ABC,P,PTA
Qualifizierungsingenieur,Qualifizierungsingenieur,Job ABC,Q,Qualifizierungsingenieur
Qualitaetsmanager,Qualitätsmanager,Job ABC,Q,Qualitätsmanager
Qualitaetsplaner,Qualitätsplaner,Job ABC,Q,Qualitätsplaner
Qualitaetspruefer,Qualitätsprüfer,Job ABC,Q,Qualitätsprüfer
Qualitaetstechniker,Qualitätstechniker,Job ABC,Q,Qualitätstechniker
Raumausstatter,Raumausstatter,Job ABC,R,Raumausstatter
Raumpflegerin,Raumpflegerin,Job ABC,R,Raumpflegerin
Rechtsanwalt,Rechtsanwalt,Job ABC,R,Rechtsanwalt
Rechtsanwaltsfachangestellte,Rechtsanwaltsfachangestellte,Job ABC,R,Rechtsanwaltsfachangestellte
Recruiter,Recruiter,Job ABC,R,Recruiter
Redakteur,Redakteur,Job ABC,R,Redakteur
Redner,Redner,Job ABC,R,Redner
Referent,Referent,Job ABC,R,Referent
Regionalverkaufsleiter,Regionalverkaufsleiter,Job ABC,R,Regionalverkaufsleiter
Regisseur,Regisseur,Job ABC,R,Regisseur
Regulatory-Affairs-Specialist,Regulatory Affairs Specialist,Job ABC,R,Regulatory Affairs Specialist
Regulatory-Manager,Regulatory Manager,Job ABC,R,Regulatory Manager
Reinigungskraft,Reinigungskraft,Job ABC,R,Reinigungskraft
Reiseleiter,Reiseleiter,Job ABC,R,Reiseleiter
Reiseverkehrskaufmann,Reiseverkehrskaufmann,Job ABC,R,Reiseverkehrskaufmann
Reporter,Reporter,Job ABC,R,Reporter
Requisiteur,Requisiteur,Job ABC,R,Requisiteur
Resident-Engineer,Resident Engineer,Job ABC,R,Resident Engineer
Restaurantfachmann,Restaurantfachmann,Job ABC,R,Restaurantfachmann
Retail-Manager,Retail Manager,Job ABC,R,Retail Manager
Rettungsassistent,Rettungsassistent,Job ABC,R,Rettungsassistent
Rettungssanitaeter,Rettungssanitäter,Job ABC,R,Rettungssanitäter
Rettungsschwimmer,Rettungsschwimmer,Job ABC,R,Rettungsschwimmer
Revisior,Revisior,Job ABC,R,Revisior
Richter,Richter,Job ABC,R,Richter
Risikocontroller,Risikocontroller,Job ABC,R,Risikocontroller
Risk Manager,Risk Manager,Job ABC,R,Risk Manager
Rohrleitungsbauer,Rohrleitungsbauer,Job ABC,R,Rohrleitungsbauer
Sachbearbeiter,Sachbearbeiter,Job ABC,S,Sachbearbeiter
Sales-Account-Manager,Sales Account Manager,Job ABC,S,Sales Account Manager
Sales-Manager,Sales Manager,Job ABC,S,Sales Manager
Sanitaertechnik,Sanitärtechnik,Job ABC,S,Sanitärtechnik
SAP-Applikationsentwickler,SAP Applikationsentwickler,Job ABC,S,SAP Applikationsentwickler
SAP-BI-Berater,SAP BI Berater,Job ABC,S,SAP BI Berater
SAP-Berater,SAP Berater,Job ABC,S,SAP Berater
Sattler,Sattler,Job ABC,S,Sattler
Satz,Satz,Job ABC,S,Satz
Schauspieler,Schauspieler,Job ABC,S,Schauspieler
Schichtfuehrer,Schichtführer,Job ABC,S,Schichtführer
Schichtleiter,Schichtleiter,Job ABC,S,Schichtleiter
Schiffsbauingenieur,Schiffsbauingenieur,Job ABC,S,Schiffsbauingenieur
Schlosser,Schlosser,Job ABC,S,Schlosser
Schneider,Schneider,Job ABC,S,Schneider
Schreiner,Schreiner,Job ABC,S,Schreiner
Schriftsteller,Schriftsteller,Job ABC,S,Schriftsteller
Schulleiter,Schulleiter,Job ABC,S,Schulleiter
Schweisser,Schweißer,Job ABC,S,Schweißer
Schweissfachingenieur,Schweißfachingenieur,Job ABC,S,Schweißfachingenieur
Scrum Master,Scrum Master,Job ABC,S,Scrum Master
Sekretaer,sekretär,Job ABC,S,sekretär
Senior-Ingenieur-Verfahrenstechnik,Senior Ingenieur für Verfahrenstechnik,Job ABC,S,Senior Ingenieur für Verfahrenstechnik
Senior-Projektingenieur,Senior Projektingenieur,Job ABC,S,Senior Projektingenieur
Senior-Systems-Engineer,Senior Systems Engineer,Job ABC,S,Senior Systems Engineer
Senior-Technical-Consultant,Senior Technical Consultant,Job ABC,S,Senior Technical Consultant
Senior-Consultant,Senior Consultant,Job ABC,S,Senior Consultant
Service-Delivery-Manager,Service Delivery Manager,Job ABC,S,Service Delivery Manager
Serviceassistent,Serviceassistent,Job ABC,S,Serviceassistent
Servicefachangestellter,Servicefachangestellter,Job ABC,S,Servicefachangestellter
Service-Ingenieur,Service Ingenieur,Job ABC,S,Service Ingenieur
Servicekaufmann Luftverkehr,Servicekaufmann Luftverkehr,Job ABC,S,Servicekaufmann Luftverkehr
Servicekraft,Servicekraft,Job ABC,S,Servicekraft
Servicemanager,Servicemanager,Job ABC,S,Servicemanager
Servicetechniker,Servicetechniker,Job ABC,S,Servicetechniker
Service-Techniker,Service Techniker,Job ABC,S,Service Techniker
Sicherheitsbeauftragter,Sicherheitsbeauftragter,Job ABC,S,Sicherheitsbeauftragter
Sicherheitsingenieur,Sicherheitsingenieur,Job ABC,S,Sicherheitsingenieur
Sicherheitsmitarbeiter,Sicherheitsmitarbeiter,Job ABC,S,Sicherheitsmitarbeiter
Social-Media-Manager,Social Media Manager,Job ABC,S,Social Media Manager
Softwarearchitekt,Softwarearchitekt,Job ABC,S,Softwarearchitekt
Software-Engineer,Software Engineer,Job ABC,S,Software Engineer
Softwareentwickler,Softwareentwickler,Job ABC,S,Softwareentwickler
Software-Entwickler,Software Entwickler,Job ABC,S,Software Entwickler
Sound-Designer,Sound Designer,Job ABC,S,Sound Designer
Sozialarbeiter,Sozialarbeiter,Job ABC,S,Sozialarbeiter
Sozialpaedagoge,Sozialpädagoge,Job ABC,S,Sozialpädagoge
Sozialversicherungsangestellter,Sozialversicherungsangestellter,Job ABC,S,Sozialversicherungsangestellter
Sozialversicherungs-Experte,Sozialversicherungs Experte,Job ABC,S,Sozialversicherungs Experte
Sozialversicherungsfachangestellte,Sozialversicherungsfachangestellte,Job ABC,S,Sozialversicherungsfachangestellte
Speditionskaufmann,Speditionskaufmann,Job ABC,S,Speditionskaufmann
Spezialist-Trade-Finance,Spezialist Trade Finance,Job ABC,S,Spezialist Trade Finance
Spezialist,Spezialist  ,Job ABC,S,Spezialist  
Spitaldirektor,Spitaldirektor,Job ABC,S,Spitaldirektor
Sportlehrer,Sportlehrer,Job ABC,S,Sportlehrer
Sports,Sports,Job ABC,S,Sports
Sportwissenschaftler,Sportwissenschaftler,Job ABC,S,Sportwissenschaftler
Sprachlehrer,Sprachlehrer,Job ABC,S,Sprachlehrer
Sprachwissenschaftler,Sprachwissenschaftler,Job ABC,S,Sprachwissenschaftler
SPS-Software-Ingenieur,SPS Software Ingenieur,Job ABC,S,SPS Software Ingenieur
Staatsanwalt,Staatsanwalt,Job ABC,S,Staatsanwalt
Staedtebau,Städtebau,Job ABC,S,Städtebau
Stadtplaner,Stadtplaner,Job ABC,S,Stadtplaner
Staff-Scientist,Staff Scientist,Job ABC,S,Staff Scientist
Stahlbauschlosser,Stahlbauschlosser,Job ABC,S,Stahlbauschlosser
Statiker,Statiker,Job ABC,S,Statiker
Stationsarzt,Stationsarzt,Job ABC,S,Stationsarzt
Stellvertretender Leiter,Stellvertretender Leiter,Job ABC,S,Stellvertretender Leiter
Steuerberater,Steuerberater,Job ABC,S,Steuerberater
Steuerberater Assistent,Steuerberater Assistent,Job ABC,S,Steuerberater Assistent
Steuerfachangestellter,Steuerfachangestellter,Job ABC,S,Steuerfachangestellter
Steuerfachwirt,Steuerfachwirt,Job ABC,S,Steuerfachwirt
Steuerreferent,Steuerreferent,Job ABC,S,Steuerreferent
Storemanager,Storemanager,Job ABC,S,Storemanager
Strassenbauer,Straßenbauer,Job ABC,S,Straßenbauer
Studiengangsleiter,Studiengangsleiter,Job ABC,S,Studiengangsleiter
Studienkoordinator,Studienkoordinator,Job ABC,S,Studienkoordinator
Stylist,Stylist,Job ABC,S,Stylist
Supervisor,Supervisor,Job ABC,S,Supervisor
Supply-Chain-Manager,Supply Chain Manager,Job ABC,S,Supply Chain Manager
Supply-Chain-Management,Supply Chain Management,Job ABC,S,Supply Chain Management
Supporter,Supporter,Job ABC,S,Supporter
Synchronsprecher,Synchronsprecher,Job ABC,S,Synchronsprecher
Systemadministrator,Systemadministrator,Job ABC,S,Systemadministrator
Systemanalytiker,Systemanalytiker,Job ABC,S,Systemanalytiker
Systembetreuer,Systembetreuer,Job ABC,S,Systembetreuer
Systemelektroniker,Systemelektroniker,Job ABC,S,Systemelektroniker
Systemingenieur,Systemingenieur,Job ABC,S,Systemingenieur
Systemspezialist,Systemspezialist,Job ABC,S,Systemspezialist
Systemtechniker,Systemtechniker,Job ABC,S,Systemtechniker
Tankwart,Tankwart,Job ABC,T,Tankwart
Teamassistent,Teamassistent,Job ABC,T,Teamassistent
Teamleiter,Teamleiter,Job ABC,T,Teamleiter
Teamsekretaer,Teamsekretär,Job ABC,T,Teamsekretär
Technical-Trainer,Technical Trainer,Job ABC,T,Technical Trainer
Technical-Consultant,Technical Consultant,Job ABC,T,Technical Consultant
Techniker,Techniker,Job ABC,T,Techniker
Technischer-Berater,Technischer Berater,Job ABC,T,Technischer Berater
Technischer-Leiter,Technischer Leiter,Job ABC,T,Technischer Leiter
Technischer-Sachbearbeiter,Technischer Sachbearbeiter,Job ABC,T,Technischer Sachbearbeiter
Technischer-Supporter,Technischer Supporter,Job ABC,T,Technischer Supporter
Technischer-Assistent,Technischer Assistent,Job ABC,T,Technischer Assistent
Technischer-Redakteur,Technischer Redakteur,Job ABC,T,Technischer Redakteur
Technischer-Zeichner,Technischer Zeichner,Job ABC,T,Technischer Zeichner
Telefonischer-Kundenbetreuer,Telefonischer Kundenbetreuer,Job ABC,T,Telefonischer Kundenbetreuer
Testingenieur,Testingenieur,Job ABC,T,Testingenieur
Texter,Texter,Job ABC,T,Texter
Textildesigner,Textildesigner,Job ABC,T,Textildesigner
Textilingenieur,Textilingenieur,Job ABC,T,Textilingenieur
Theaterwissenschafter,Theaterwissenschafter,Job ABC,T,Theaterwissenschafter
Therapeut,Therapeut,Job ABC,T,Therapeut
Tierarzt,Tierarzt,Job ABC,T,Tierarzt
Tierpfleger,Tierpfleger,Job ABC,T,Tierpfleger
Tischler,Tischler,Job ABC,T,Tischler
Tockenbaumonteuer,Tockenbaumonteuer,Job ABC,T,Tockenbaumonteuer
Tonmeister,Tonmeister,Job ABC,T,Tonmeister
Trader,Trader,Job ABC,T,Trader
Traffic-Manager,Traffic Manager,Job ABC,T,Traffic Manager
Trainee,Trainee,Job ABC,T,Trainee
Trainer,Trainer,Job ABC,T,Trainer
Treasurer,Treasurer,Job ABC,T,Treasurer
Trockenbauer,Trockenbauer,Job ABC,T,Trockenbauer
Turbinenschlosser,Turbinenschlosser,Job ABC,T,Turbinenschlosser
Tutor,Tutor,Job ABC,T,Tutor
TV-Produzent,TV Produzent,Job ABC,T,TV Produzent
Uebersetzer,Übersetzer,Job ABC,U,Übersetzer
Umweltberater,Umweltberater,Job ABC,U,Umweltberater
Umweltschutztechniker,Umweltschutztechniker,Job ABC,U,Umweltschutztechniker
Umweltwissenschaftler,Umweltwissenschaftler,Job ABC,U,Umweltwissenschaftler
Unternehmensberater,Unternehmensberater,Job ABC,U,Unternehmensberater
User-Experience-Designer,User Experience Designer,Job ABC,U,User Experience Designer
Veranstaltungskaufmann,Veranstaltungskaufmann,Job ABC,V,Veranstaltungskaufmann
Verfahrensmechaniker,Verfahrensmechaniker,Job ABC,V,Verfahrensmechaniker
Verfahrenstechniker,Verfahrenstechniker,Job ABC,V,Verfahrenstechniker
Verkaeufer,Verkäufer,Job ABC,V,Verkäufer
Verkaufsfoerderer,Verkaufsförderer,Job ABC,V,Verkaufsförderer
Verkaufsinnendienstmitarbeiter,Verkaufsinnendienstmitarbeiter,Job ABC,V,Verkaufsinnendienstmitarbeiter
Verkaufsleiter,Verkaufsleiter,Job ABC,V,Verkaufsleiter
Verkaufstrainer,Verkaufstrainer,Job ABC,V,Verkaufstrainer
Verkehrsingenieur,Verkehrsingenieur,Job ABC,V,Verkehrsingenieur
Verkehrsplaner,Verkehrsplaner,Job ABC,V,Verkehrsplaner
Verlagskaufmann,Verlagskaufmann,Job ABC,V,Verlagskaufmann
Vermessungsingenieur,Vermessungsingenieur,Job ABC,V,Vermessungsingenieur
Vermessungstechniker,Vermessungstechniker,Job ABC,V,Vermessungstechniker
Vermoegensberater,Vermögensberater,Job ABC,V,Vermögensberater
Verpackungsdesigner,Verpackungsdesigner,Job ABC,V,Verpackungsdesigner
Verpackungsfachmann,Verpackungsfachmann,Job ABC,V,Verpackungsfachmann
Verpackungsmittelmechaniker,Verpackungsmittelmechaniker,Job ABC,V,Verpackungsmittelmechaniker
Versicherungsberater,Versicherungsberater,Job ABC,V,Versicherungsberater
Versicherungsfachmann,Versicherungsfachmann,Job ABC,V,Versicherungsfachmann
Versicherungskaufmann,Versicherungskaufmann,Job ABC,V,Versicherungskaufmann
Versicherungsmakler,Versicherungsmakler,Job ABC,V,Versicherungsmakler
Versuchsingenieur,Versuchsingenieur,Job ABC,V,Versuchsingenieur
Vertriebsassistent,Vertriebsassistent,Job ABC,V,Vertriebsassistent
Vertriebscontroller,Vertriebscontroller,Job ABC,V,Vertriebscontroller
Vertriebsingenieur,Vertriebsingenieur,Job ABC,V,Vertriebsingenieur
Vertriebsleiter,Vertriebsleiter,Job ABC,V,Vertriebsleiter
Vertriebsmitarbeiter,Vertriebsmitarbeiter,Job ABC,V,Vertriebsmitarbeiter
Vertriebsspezialist,Vertriebsspezialist,Job ABC,V,Vertriebsspezialist
Vertriebstrainer,Vertriebstrainer,Job ABC,V,Vertriebstrainer
Verwalter,Verwalter,Job ABC,V,Verwalter
Verwaltungsangestellter,Verwaltungsangestellter,Job ABC,V,Verwaltungsangestellter
Verwaltungsassistent,Verwaltungsassistent,Job ABC,V,Verwaltungsassistent
Verwaltungsdirektor,Verwaltungsdirektor,Job ABC,V,Verwaltungsdirektor
Verwaltungsfachangestellter,Verwaltungsfachangestellter,Job ABC,V,Verwaltungsfachangestellter
Verwaltungsrat,Verwaltungsrat,Job ABC,V,Verwaltungsrat
Verwaltungswirt,Verwaltungswirt,Job ABC,V,Verwaltungswirt
Vikar,Vikar,Job ABC,V,Vikar
Volkswirt,Volkswirt,Job ABC,V,Volkswirt
Volljurist,Volljurist,Job ABC,V,Volljurist
Volontaer,Volontär,Job ABC,V,Volontär
Vorsitzender,Vorsitzender,Job ABC,V,Vorsitzender
Vorstandsassistent,Vorstandsassistent,Job ABC,V,Vorstandsassistent
Webdesigner,Webdesigner,Job ABC,W,Webdesigner
Webentwickler,Webentwickler,Job ABC,W,Webentwickler
Webmaster,Webmaster,Job ABC,W,Webmaster
Wellness Manager,Wellness Manager,Job ABC,W,Wellness Manager
Werbekaufmann,Werbekaufmann,Job ABC,W,Werbekaufmann
Werbetexter,Werbetexter,Job ABC,W,Werbetexter
Werkleiter,Werkleiter,Job ABC,W,Werkleiter
Werkstoffingenieur,Werkstoffingenieur,Job ABC,W,Werkstoffingenieur
Werkstoffpruefer,Werkstoffprüfer,Job ABC,W,Werkstoffprüfer
Werkzeugmacher,Werkzeugmacher,Job ABC,W,Werkzeugmacher
Werkzeugmechaniker,Werkzeugmechaniker,Job ABC,W,Werkzeugmechaniker
Winzer,Winzer,Job ABC,W,Winzer
Wirtschaftsinformatiker,Wirtschaftsinformatiker,Job ABC,W,Wirtschaftsinformatiker
Wirtschaftsingenieur,Wirtschaftsingenieur,Job ABC,W,Wirtschaftsingenieur
Wirtschaftspruefer,Wirtschaftsprüfer,Job ABC,W,Wirtschaftsprüfer
Wissenschaftlicher-Projektmanager,Wissenschaftlicher Projektmanager,Job ABC,W,Wissenschaftlicher Projektmanager
Wissensmanager,Wissensmanager,Job ABC,W,Wissensmanager
Zahnarzt,Zahnarzt,Job ABC,Z,Zahnarzt
Zahnarzthelfer,Zahnarzthelfer,Job ABC,Z,Zahnarzthelfer
Zahntechniker,Zahntechniker,Job ABC,Z,Zahntechniker
Zeichner,Zeichner,Job ABC,Z,Zeichner
Zerspanungsmechaniker,Zerspanungsmechaniker,Job ABC,Z,Zerspanungsmechaniker
Zimmerer,Zimmerer,Job ABC,Z,Zimmerer
Zweiradmechaniker,Zweiradmechaniker,Job ABC,Z,Zweiradmechaniker
